<?xml version="1.0" encoding="UTF-8"?>
<project-private xmlns="http://www.netbeans.org/ns/project-private/1">
    <editor-bookmarks xmlns="http://www.netbeans.org/ns/editor-bookmarks/2" lastBookmarkId="0"/>
    <open-files xmlns="http://www.netbeans.org/ns/projectui-open-files/2">
        <group>
            <file>file:/home/jorge/sw/code/yokai_master/yokai/src/gui/UpdateControlPanel.java</file>
            <file>file:/home/jorge/sw/code/yokai_master/yokai/src/gameAndRules/Board.java</file>
            <file>file:/home/jorge/sw/code/yokai_master/yokai/src/gui/GameBoard.java</file>
            <file>file:/home/jorge/sw/code/yokai_master/yokai/src/translator/Translator.java</file>
            <file>file:/home/jorge/sw/code/yokai_master/yokai/src/gui/Main.java</file>
        </group>
    </open-files>
</project-private>
